AMT_INCOME_TOTAL,AMT_ANNUITY,AMT_PAYMENT_CURRENT,AMT_DRAWINGS_CURRENT,AMT_CREDIT_LIMIT_ACTUAL,RISK_INDEX_NORMALIZED,DEBT_RATIO,LOF_SCORE,OUTLIER_LOF,IF_SCORE,OUTLIER_IF,OUTLIER_TOTAL
112500.0,13320.2025,227381.14285714287,79844.14285714286,25714.285714285714,1.0,0.3742000220806371,6.578775604841892,1,0.6840482392790294,1,2
157500.0,10428.09,45000.0,11250.0,6750.0,0.6974872324962091,0.0,5.486030309596549,1,0.5945865885007274,1,2
236250.0,12469.477499999999,119910.0,4419.7880625,22781.25,0.4567884894422563,0.5318884673555473,3.4856335214035274,1,0.6523705618996923,1,2
135000.0,22108.605,855000.0,58443.721875,337500.0,0.22652989639524648,0.0,3.237411506710452,1,0.6805205332271909,1,2
157500.0,8927.0625,157500.0,31500.0,36000.0,0.4394169564726117,0.2544973264863148,3.1660678676343466,1,0.6468210203992801,1,2
202500.0,12466.68,1125000.0,1125000.0,0.0,0.0,0.0,3.1300076744978336,1,0.6951249528429261,1,2
1125000.0,65870.45999999999,5564.971875,2907.13125,120937.5,0.005863376136016108,2.865407363656715,3.0151051126981505,1,0.6813526183773448,1,2
225000.0,11250.0,590671.9671428571,616255.6435714286,225000.0,0.4489688528108635,0.0,2.603792503574919,1,0.7396098463603774,1,2
103500.0,6075.0,39750.0,39909.04071428571,19285.714285714286,0.3457139084069066,0.5181347150259067,2.482513989140133,1,0.6008335424936572,1,2
450000.0,58349.385,967379.7397500001,923464.95975,900000.0,0.17584533820458415,0.13516274563896247,2.457464067710525,1,0.7967231307241059,1,2
270000.0,41135.4675,155129.4,477652.05,1237500.0,0.04279825283252735,0.0,2.4044427258256764,1,0.7241959719225355,1,2
1665000.0,6857.91,71731.8,72932.835,90000.0,0.13453564787496564,0.20200079239302693,2.2884609171849464,1,0.6872881340771146,1,2
270000.0,41773.2975,72689.04,52813.98,1350000.0,0.007781044807974789,0.0,2.28277931137764,1,0.6018302365785215,1,2
265500.0,9984.5025,56250.0,28125.0,22500.0,0.31386925462329407,0.0,2.2818713888193214,1,0.6108437547075415,1,2
135000.0,24879.059999999998,0.0,450000.0,450000.0,0.08369846789954509,0.0,2.2640260396934013,1,0.6430278352308213,1,2
315000.0,47078.46,90.1125,64.28571428571429,1350000.0,9.572514060844401e-06,0.0,2.259844074230117,1,0.6264565446039402,1,2
675000.0,33664.1925,50180.30625,40050.0,450000.0,0.016782529758292773,2.5863375067628542,2.2441672434152333,1,0.6539227478447003,1,2
675000.0,131156.181,134418.06692307693,122291.13053571428,225000.0,0.09549407343565608,0.021489562013917315,2.2174577243249147,1,0.7520624503590254,1,2
315000.0,30326.625,419318.718,430993.911,225000.0,0.3163105079241524,1.6100634678253796,2.2029808297876263,1,0.7760394252860099,1,2
248782.5,67500.0,0.0,52292.5875,1350000.0,0.003242081078705854,0.0,2.1653814499379775,1,0.64137795037145,1,2
315000.0,63745.605,8794.90828125,5982.148125,135000.0,0.009161607268653947,1.8114006586169045,2.1057501694726986,1,0.6137262377110061,1,2
306000.0,28020.185999999998,60750.0,158762.475,270000.0,0.0680476216382859,1.6749677771401152,2.088495751777273,1,0.6863687895972986,1,2
1260000.0,102141.59785714284,21165.068250000004,19635.966428571428,60000.0,0.05691640152187729,0.12847019853544941,2.081985744983368,1,0.67191986845312,1,2
1890000.0,92242.32,3813.42984375,750.0,151875.0,0.0025149108562234433,0.4832171612319108,2.040715949959364,1,0.6346032232274291,1,2
238500.0,39346.5375,852445.5900000001,749254.914,778500.0,0.17220279796882365,0.0,2.031359435035051,1,0.7661385111009883,1,2
360000.0,33178.55625,776176.884,802456.9739999999,675000.0,0.19574701524288593,0.0,2.0166852462799296,1,0.7600097690304858,1,2
675000.0,101314.34357142857,137592.57193548387,122853.2509090909,225000.0,0.09688407263523222,0.02140178149205055,1.9792498789083806,1,0.75435569787123,1,2
292500.0,13526.260714285714,77625.0,5367.857142857143,720000.0,0.009647743040920777,1.5221530506931575,1.9735306452821437,1,0.637225531396393,1,2
675000.0,2250.0,55073.77772727273,35836.633125,45000.0,0.16909026898785343,0.09611093482231264,1.937210164863852,1,0.6881793973861839,1,2
450000.0,12150.738000000001,90045.0,90000.0,0.0,0.0,0.0,1.9329525429558523,1,0.6209916007911329,1,2
315000.0,44002.8,6390.675,3165.5437500000003,1237500.0,0.0006463360551821462,0.20793627450980393,1.9283349159243581,1,0.6064912025369115,1,2
450000.0,13383.438750000001,59732.809411764705,55608.35,180000.0,0.053632657380677226,3.265927018747975,1.9267849735186076,1,0.6445141948570531,1,2
225000.0,41436.3,23571.27,293104.575,630000.0,0.042071877852847335,0.0,1.8999825235746133,1,0.6466692078715968,1,2
270000.0,2250.0,80301.73909090909,79909.95272727273,45000.0,0.2979882921061312,0.20199402714134257,1.8888914890714545,1,0.6593590793102311,1,2
225000.0,42444.375,56250.0,292500.0,585000.0,0.04989716355549803,0.0,1.8742890124177862,1,0.6539691097530507,1,2
945000.0,65143.935,10673.640957446809,6041.441489361702,180000.0,0.007772371064513621,1.4485692057458643,1.8670558291430361,1,0.6659836627148635,1,2
450000.0,25265.205,0.0,173790.27,270000.0,0.053873997536475086,0.8673958461349391,1.8453059677849892,1,0.643862527724794,1,2
225000.0,41626.152,720272.565,720177.435,900000.0,0.13395939787322192,0.0,1.8451671732486972,1,0.7676038054452881,1,2
90000.0,13740.435000000001,0.0,358367.895,382500.0,0.07841789217224848,0.3021345078773505,1.828473167799959,1,0.6562327036833573,1,2
450000.0,69804.28499999999,273361.32782608696,226970.71096153848,259615.38461538462,0.16130409663364154,0.0,1.822577708810266,1,0.7743040102470587,1,2
126000.0,6229.58625,270000.0,67500.0,0.0,0.0,0.0,1.8174901523714504,1,0.613389612364015,1,2
1350000.0,28029.802499999998,66001.59,157456.70357142857,900000.0,0.020781240901528154,0.0,1.8137275623488573,1,0.693196524803139,1,2
675000.0,50054.80499999999,125242.92749999999,107617.905,135000.0,0.14437107343750072,0.0,1.8065391684056096,1,0.7334993070410594,1,2
900000.0,70319.01375,11740.5,9507.6,900000.0,0.00197603712864036,0.30894749696070906,1.7925458702281933,1,0.6863633392919875,1,2
315000.0,17809.2225,712031.045,720000.0,900000.0,0.1331764493900939,0.31779894952233245,1.7911573418991356,1,0.7589105185520487,1,2
202500.0,26149.3425,7.4025,292507.4025,585000.0,0.04185135216484478,0.0,1.786129924237266,1,0.6188958978994406,1,2
360000.0,9472.365,283184.92038461537,253268.9896153846,180000.0,0.24944650203178026,0.3801914163516072,1.7768804940604999,1,0.7383133587198981,1,2
1800000.0,67328.34,1166.8495108695652,962.8777173913044,180000.0,0.000990305033607664,0.013230170769513265,1.7756054988999235,1,0.6592006526478681,1,2
180000.0,11453.872500000001,56250.0,210795.66,180000.0,0.12417395889568242,0.0,1.7595910917774489,1,0.6525939764770405,1,2
270000.0,34744.185,66576.15000000001,94596.26086956522,900000.0,0.014988759841620663,3.354646260946435,1.7514201507754574,1,0.6867060549504156,1,2
405000.0,9143.3475,202925.68147058823,34805.952000000005,270000.0,0.073695457380535,0.0,1.7503842116570247,1,0.6191972880220941,1,2
135000.0,22029.3,49488.799999999996,29908.092857142856,70714.28571428571,0.0939753293270512,1.7799063412818061,1.7461543078949446,1,0.6290389358123847,1,2
144000.0,18739.234285714287,292500.0,11250.0,292500.0,0.08691763974183529,0.0,1.7449210567662679,1,0.6068548430376378,1,2
135000.0,10597.74,260059.5,52011.9,450000.0,0.058044217900591326,0.0,1.740609132309935,1,0.6022329316074814,1,2
112500.0,8739.067500000001,45000.0,83395.935,180000.0,0.059703016911275435,1.4653530687281984,1.7387975036434486,1,0.611778319351194,1,2
135000.0,24333.87,338636.025,92282.13,900000.0,0.040074654848443,0.6131697913836307,1.7345619087572324,1,0.6923339882131495,1,2
315000.0,67500.0,182081.535,166393.715625,1350000.0,0.02160507005794259,0.7429,1.731532265063771,1,0.7442554146185456,1,2
675000.0,67500.0,571633.6125,525705.7997368422,1350000.0,0.06803379820000817,0.527269421494411,1.731398929093586,1,0.7920870468705649,1,2
720000.0,47245.785,283762.35,88808.25,450000.0,0.06929686312092057,0.0,1.7296248892041834,1,0.7307537009847495,1,2
90000.0,13051.89,27720.0,98625.0,540000.0,0.019583116531051898,1.5707295423023577,1.7252520069507606,1,0.6200956676377062,1,2
225000.0,16577.720999999998,0.0,292500.0,585000.0,0.041849233949772545,0.0,1.7122066251885868,1,0.619310167418267,1,2
482850.0,65494.125,57982.5,135985.5,135000.0,0.12025795867806639,0.0,1.7041940152781538,1,0.7288691863485413,1,2
810000.0,42070.02,187500.0,187500.0,0.0,0.0,0.0,1.70361166736026,1,0.7359965201486268,1,2
270000.0,23966.80875,40868.746875,177881.4225,1237500.0,0.01479519517531595,0.7089228003415782,1.700985070900331,1,0.6320837709363879,1,2
292500.0,21738.6,458495.1642857143,199662.1620967742,424596.77419354836,0.12973899756940774,0.3703304347826087,1.6952225406688466,1,0.730771293351586,1,2
180000.0,24392.242499999997,141975.0,10391.538461538461,135000.0,0.09446552465472505,0.0,1.6935650821463404,1,0.6012491519060938,1,2
540000.0,53624.8575,23072.14285714286,20109.375,765000.0,0.004724479589829679,0.9926815468874549,1.6898306606235756,1,0.6555217022519533,1,2
112500.0,25738.47,133319.24099999998,54935.156842105265,900000.0,0.01750733852748404,2.138240711196363,1.6857435212725984,1,0.6879827167064715,1,2
405000.0,12707.903571428571,4500.0,151200.0,585000.0,0.022276669148648152,0.8347359454855195,1.683665483305397,1,0.6292278280709277,1,2
585000.0,26399.25,169116.51374999998,42844.592142857146,225000.0,0.07884808807789058,0.0,1.681174580150883,1,0.6496191514879353,1,2
337500.0,35268.4125,26475.0,87051.105,540000.0,0.017596224176116452,1.317651540700216,1.677489817267149,1,0.6224829382999596,1,2
112500.0,14547.105,675000.0,675000.0,0.0,0.0,0.0,1.6749720033938886,1,0.7020565000157521,1,2
157500.0,16875.0,407523.58874999994,432201.38999999996,337500.0,0.20824798275067571,0.0,1.6618541682760415,1,0.7378718149649589,1,2
157500.0,21763.5,168750.0,168750.0,0.0,0.0,1.202410654402606,1.6607047207129333,1,0.7029980067461146,1,2
720000.0,11545.97625,36081.0,35950.5,45000.0,0.13397613756680182,0.3744484942811208,1.659708676810851,1,0.644709654306893,1,2
90000.0,12789.246000000001,163125.0,59318.181818181816,0.0,0.0,0.08763615905951398,1.6582007330263262,1,0.5992653959095979,1,2
225000.0,16372.17,65430.0,203184.0,202500.0,0.1110250876857699,0.17927119457243781,1.6575727789339836,1,0.6610429053563306,1,2
112500.0,5289.9974999999995,76515.5840625,75309.8315625,47812.5,0.26577892132860975,0.29050129829840304,1.6574159857274964,1,0.6408086735289764,1,2
810000.0,69496.02,16223.20125,0.0,36562.5,0.03713797166635172,1.0060414892598546,1.6431152138805598,1,0.6742172754298184,1,2
1125000.0,33750.0,232648.14375,202998.0796875,697500.0,0.05227658988952206,0.0,1.642004522752486,1,0.7450467879071642,1,2
180000.0,31970.100000000002,150675.0,69545.45454545454,765000.0,0.024094267510582947,1.3701555580072184,1.6397013390050237,1,0.6734119092939913,1,2
180000.0,26658.66857142857,631902.6314999999,340425.0,675000.0,0.120566419337694,0.0,1.6364553509847,1,0.736113037842547,1,2
144000.0,5333.23125,105859.395,104261.04000000001,64285.71428571428,0.2735717986382259,0.0,1.6343935331091628,1,0.6719296922613787,1,2
274500.0,86374.3725,184340.55717391302,169015.8013043478,900000.0,0.032861539807992064,0.0,1.6323253930949702,1,0.7352929574705924,1,2
315000.0,57332.75625,212400.0,105060.10500000001,225000.0,0.11809299736768318,0.0,1.6307469485185802,1,0.724793803149104,1,2
270000.0,17940.63375,585000.0,288985.2075,675000.0,0.1083721819772089,0.0,1.6300881529631055,1,0.7348512177396171,1,2
292500.0,37476.47454545454,15132.872528089887,14876.962584269662,18202.247191011236,0.1379926991686417,0.9281843868485813,1.626886357935393,1,0.6205498996287976,1,2
315000.0,24684.99,1759.21875,1191.1764705882354,900000.0,0.00027438173295708405,1.5108682492380419,1.6201495055914055,1,0.6342712317470404,1,2
675000.0,120140.74285714286,28584.0534375,22734.375,263671.875,0.01629022373065461,0.0,1.6154566551857514,1,0.6274303163639466,1,2
360000.0,8972.61,90000.0,90000.0,0.0,0.0,0.0,1.6135658671640347,1,0.599630262123269,1,2
292500.0,78776.578125,0.0,56250.0,900000.0,0.005231154243721568,0.3165406708938464,1.61340108009016,1,0.6573263849288007,1,2
450000.0,80347.97571428571,450000.0,450000.0,0.0,0.0,0.0,1.608262593715401,1,0.7590376600047479,1,2
1215000.0,58640.14,1255.77703125,772.78125,23203.125,0.007317429018098186,0.18648901171948917,1.607662428274974,1,0.6271512513162943,1,2
360000.0,58918.085999999996,179175.12672413792,174413.88145161292,365080.6451612903,0.08106389271158225,1.3508544649596144,1.5990579473692454,1,0.757148697035198,1,2
900000.0,82068.045,50107.88863636364,38886.8454,752760.0,0.009895216124622899,0.678906,1.5973757677078928,1,0.6816355223344285,1,2
1125000.0,29250.0,231488.36999999997,157006.47825,585000.0,0.055583630060497886,0.0,1.5950879042692254,1,0.7299200507641086,1,2
648000.0,14016.21,99250.11409090908,35285.549594594595,362432.4324324324,0.031069043277257985,0.5263957345535357,1.5946352369176817,1,0.6097951825296047,1,2
135000.0,11140.380000000001,96490.935,40623.5025,45000.0,0.25502818545906514,0.0,1.5931127825484688,1,0.6216817180870632,1,2
382500.0,27068.625,5500.512,3185.881875,900000.0,0.0008078198432327695,2.0032726726726726,1.5876676852989875,1,0.6509408286171124,1,2
1350000.0,44474.70375,87656.82057692307,66735.31,680000.0,0.019003507036816133,0.4075475870250077,1.585097496680076,1,0.6831000195885412,1,2
270000.0,74000.25,35400.0,125870.49642857142,855000.0,0.015787243822772495,0.9229705304518664,1.5847862788685556,1,0.6835448615856217,1,2
157500.0,6954.9075,48514.798125,49895.218125,90000.0,0.09151963984549262,1.7161514075920556,1.581827665790334,1,0.6314532463818682,1,2
360000.0,87803.82,135000.0,186364.60124999998,900000.0,0.0298863608464147,0.03251670814164397,1.5766630846205534,1,0.7362204907507269,1,2
225000.0,26563.005,84266.406,248973.498,900000.0,0.030990743786434984,0.15323582616022102,1.5724143262981367,1,0.6573903859660158,1,2
450000.0,15329.970000000001,196053.80142857143,172995.5667857143,135000.0,0.2288064199913392,0.0,1.5666458587828103,1,0.7250693981750044,1,2
405000.0,41811.228,63110.42181818182,50594.406,58200.0,0.16352096015744663,0.4076204620462046,1.5653763758757762,1,0.6517537925682145,1,2
634500.0,16655.417999999998,17802.824399999998,16540.27269230769,765000.0,0.003757470077845066,1.0351380677028386,1.5587857898120958,1,0.616213887636218,1,2
202500.0,32206.995,136120.62375,47273.68421052631,450000.0,0.03411071688398533,0.7582632313168713,1.5536842293681272,1,0.5984816436335842,1,2
121500.0,16627.0425,358841.25,172682.3076923077,900000.0,0.04943078603484625,0.3548390399840666,1.5481013796153242,1,0.7082679909235924,1,2
409500.0,42242.390999999996,9223.025000000001,7563.9465,18000.0,0.07805798862351823,0.6966400998460014,1.5467917958896735,1,0.6112574842290682,1,2
81000.0,13909.496250000002,513000.0,513000.0,0.0,0.0,0.6127523105083867,1.5436088411036804,1,0.7056322529983511,1,2
225000.0,90467.67,114264.10227272728,117309.54272727272,292500.0,0.06626447621337829,0.27482988568911454,1.5414174884246046,1,0.6955173332860595,1,2
112500.0,8353.501363636364,189671.58,34035.264,180000.0,0.10402177834134743,0.0,1.541254426473341,1,0.6062315700223162,1,2
495000.0,16943.265,16030.980000000001,15145.025000000001,30000.0,0.08697946179095192,0.9881733396545246,1.5411172296701467,1,0.6121313261492167,1,2
225000.0,34129.8075,67287.825,71107.55590909091,270000.0,0.042901782764684676,1.6515989065822017,1.539028157340423,1,0.6176249307972319,1,2
225000.0,37179.165,649051.68,390147.9627272727,765000.0,0.11369858553990506,0.29205803712505773,1.5371947589198391,1,0.7508586605115962,1,2
337500.0,67500.0,491581.18227272725,491814.4188461539,1350000.0,0.06096941122429816,0.0,1.5313748106584268,1,0.7700416751670806,1,2
94500.0,13404.1725,47250.0,137250.0,180000.0,0.08579092959703372,0.0,1.5310752109062122,1,0.5973317712577446,1,2
292500.0,26934.6825,40973.9175,147328.52142857143,900000.0,0.017511806266743427,1.6700116666666667,1.5271001514726419,1,0.6898925939177599,1,2
225000.0,12589.2525,87280.17428571428,111229.0,900000.0,0.01846101527968673,1.4824712366517396,1.5270872071693717,1,0.6815039840844817,1,2
225000.0,13141.0845,614367.712173913,603679.899375,517500.0,0.1970023553919696,0.5758603971222344,1.5234671852129782,1,0.7513850558053048,1,2
540000.0,16035.654375,59158.225000000006,103097.03499999999,495000.0,0.027435387213418875,0.7372762237762238,1.5232247706384825,1,0.6262190312791529,1,2
360000.0,86896.39499999999,27385.714285714286,119790.84937499999,900000.0,0.013687169876801832,0.3542808510638298,1.520692529203917,1,0.6812645823923148,1,2
990000.0,61980.705,49603.7646,49702.63344827587,349137.9310344828,0.02380661804529668,0.0,1.5204646399161494,1,0.6617132248842796,1,2
360000.0,36489.87,51210.75,132139.24071428573,810000.0,0.01894581890392782,1.5902842527132908,1.5178811588703063,1,0.7019688463380442,1,2
450000.0,24342.7725,38177.514,148784.2425,810000.0,0.019319027870194832,0.9796421052631579,1.517535466203727,1,0.6636535043626646,1,2
157500.0,9167.6025,14391.09,283824.81,270000.0,0.09244523678994056,0.5666138934067101,1.5173810921412227,1,0.6334450804970394,1,2
362911.5,21276.93,112371.77249999999,17117.4375,90000.0,0.12042276096136059,0.5360822255343712,1.512292782883305,1,0.6505258859472024,1,2
67500.0,8404.245,224632.125,105281.055,405000.0,0.0681808091502885,0.012727694150493523,1.5100033625819063,1,0.6557944193047623,1,2
225000.0,114136.21500000001,68180.0,56978.52923076923,450000.0,0.02327906031372403,0.0,1.5096221435645685,1,0.5968566065444736,1,2
1125000.0,51052.365,2818.460585106383,1735.3632446808513,61276.59574468085,0.0062201248781141045,0.0,1.5074585061317491,1,0.6091863632220877,1,2
157500.0,6673.86,222982.98750000002,240427.00125,183750.0,0.21108411465426083,0.2268450254617314,1.5049865251460695,1,0.7212425387475238,1,2
67500.0,7629.299999999999,450000.0,445500.0,0.0,0.0,0.053303739332203705,1.5041304916170168,1,0.6943738475132922,1,2
180000.0,10574.8875,26584.920000000002,22652.87625,45000.0,0.09158062464166593,1.5424657534246575,1.5038398216900273,1,0.610029191898889,1,2
135000.0,21264.434999999998,131585.49449999997,35678.57142857143,109285.71428571429,0.12810225146416926,0.01444,1.5018466830951174,1,0.6197305973111892,1,2
540000.0,35432.055,158219.56285714285,98697.96818181817,180000.0,0.11946446513608255,0.0,1.50016841904761,1,0.7070707573184621,1,2
360000.0,33817.725,21890.826818181817,40387.5,900000.0,0.005791778375587743,1.5876047876085426,1.4997182093774253,1,0.6512208576908335,1,2
585000.0,13992.885,128008.186875,116408.00911764706,225000.0,0.09092116059741996,0.6150007700805761,1.498460179968602,1,0.6940170822920768,1,2
135000.0,21567.239999999998,106693.72125,70181.73964285714,765000.0,0.019351902072886333,2.6582173333333334,1.4967723329870792,1,0.6630772099017523,1,2
247500.0,45882.10125,48503.57142857143,42979.08724137931,450000.0,0.017015463044559802,1.8762818965517243,1.4956386168593374,1,0.6193108882283489,1,2
630000.0,22831.585714285717,233611.95,234980.4585,270000.0,0.14526098763262138,0.38845325014445864,1.4950057375113557,1,0.7490259572832694,1,2
225000.0,48153.54375,49647.43,78011.55,450000.0,0.023744135643597043,1.233741039532518,1.4940561874930756,1,0.6257671312907729,1,2
450000.0,21305.097,338061.15,140625.0,675000.0,0.0593559960884916,0.41730270967945177,1.4921655001638805,1,0.7077979482306556,1,2
270000.0,86649.75,90441.55038461539,66667.75875000001,232031.25,0.056672575212706536,-0.00011896660473524507,1.4921211280371383,1,0.6445433822958672,1,2
180000.0,20649.231,0.0,157500.0,270000.0,0.04882410627473464,0.9407478356970786,1.4906813824261704,1,0.6008150726553737,1,2
540000.0,42635.947499999995,160383.2175,81512.19642857143,900000.0,0.022495861708608567,0.0,1.4826157840513692,1,0.7021261081850964,1,2
112500.0,12979.719000000001,74435.03413043478,59132.857500000006,450000.0,0.024843173088977474,1.6808784158415842,1.4809687008185446,1,0.6000407799981574,1,2
144000.0,17280.141428571427,228750.0,85668.64875,450000.0,0.05848079817648937,0.4390387348007257,1.4791882630570492,1,0.6292806819664506,1,2
540000.0,15309.494999999999,227898.6,133316.23500000002,450000.0,0.06718472949352662,1.0444727272727272,1.478123058714734,1,0.7213934365290461,1,2
157500.0,9547.095,450000.0,422687.25,0.0,0.0,0.15013581806696147,1.477801875366152,1,0.6906678077403353,1,2
1215000.0,31130.9775,33335.52631578947,49917.31425,765000.0,0.009108673468812648,0.6984948495840599,1.4754967518400022,1,0.6452306795205721,1,2
112500.0,11688.103125,32855.498999999996,152283.87,900000.0,0.01721764614798726,0.9281262327416173,1.474716788273207,1,0.6298964830549247,1,2
405000.0,19525.185,90000.0,14042.953125,123750.0,0.07036958199843787,0.806564694075333,1.4737601195503076,1,0.6123397275820665,1,2
405000.0,58891.878000000004,21548.647058823528,25501.41,450000.0,0.00875115042313268,0.9513108108108108,1.4719017293665977,1,0.6030171114230438,1,2
360000.0,21407.1225,179579.5007142857,75211.79921052633,337500.0,0.06318708574174887,0.3598873615559366,1.4690653139885312,1,0.6359526034723549,1,2
387000.0,27283.304999999997,58650.52821428572,56529.127241379305,450000.0,0.021423023766303652,2.198023661889921,1.4667650602707403,1,0.616861664491134,1,2
135000.0,10877.025,106349.95800000001,104937.0946875,450000.0,0.03929867243767603,1.3271157106009823,1.4653538645901936,1,0.6630252774529106,1,2
900000.0,39405.3525,212856.54576923078,231759.42923076922,533076.9230769231,0.06980920445095407,0.7006115342502105,1.4652395437775476,1,0.7629065491092346,1,2
549000.0,74580.44399999999,80147.59460526316,77601.0923076923,450000.0,0.029340718683954208,1.0301857142857143,1.4641959003130116,1,0.6961014664293304,1,2
315000.0,37715.40642857143,0.0,121500.0,675000.0,0.015065724221918115,0.2865102605571064,1.462163784280993,1,0.6105256231402478,1,2
450000.0,112187.005,47482.701428571425,29500.0,186000.0,0.034641581528707256,0.0,1.4618230639220617,1,0.623182906069458,1,2
225000.0,30673.330714285716,100092.85714285714,100092.85714285714,0.0,0.0,0.722136811594203,1.4604927403522878,1,0.6439378053630094,1,2
360000.0,17307.351000000002,353133.459,319976.02499999997,270000.0,0.2086601205164939,0.912924535660836,1.459811846702554,1,0.7451304622600279,1,2
225000.0,22500.0,465189.5571428571,491632.7207142857,450000.0,0.17796568601954593,0.36453229413260557,1.4568773220775788,1,0.7405609746520395,1,2
292500.0,50545.88999999999,0.0,78000.0,900000.0,0.007253867217960575,0.0,1.4564118007784201,1,0.6412915024730635,1,2
234000.0,9000.0,247803.64500000002,74138.53695652174,185869.5652173913,0.14497299410197453,0.0,1.456218420874801,1,0.6596838200123742,1,2
450000.0,12514.159285714286,212559.777,140552.7557142857,675000.0,0.04378515256935365,0.0023551064987554623,1.4559033040069225,1,0.685696224008522,1,2
225000.0,6750.0,228441.5521875,233210.1825,185625.0,0.20815915365123785,0.0,1.4551956393661434,1,0.7190257602711335,1,2
540000.0,40464.883125,48624.7725,41409.473823529406,225000.0,0.03349212655897627,0.871014677059453,1.4522635081653568,1,0.6091706594971114,1,2
576000.0,58862.417727272725,41953.22416666667,44063.77087155964,165137.6146788991,0.043596915893579564,0.0,1.4515833899260613,1,0.6409988821717139,1,2
675000.0,5592.5325,82515.8925,78157.76318181818,167727.27272727274,0.08017860538550646,0.0,1.4513060484941487,1,0.6512654915615551,1,2
247500.0,85030.0875,90843.75,114343.505,900000.0,0.019082065417792525,0.3473625,1.4508876679753402,1,0.6901009981290906,1,2
720000.0,21223.88735294118,318364.227,329920.7325,450000.0,0.12057879527215253,0.8894880037052452,1.445336105987641,1,0.7665866208293775,1,2
315000.0,48894.39,180196.11204545453,139841.43300000002,832320.0,0.0321831172993995,0.825829044117647,1.4420449392852561,1,0.7294142371082369,1,2
1350000.0,45983.734615384616,41226.69838235294,31333.109594594593,427135.13513513515,0.014218321695391094,0.0,1.4418521935491395,1,0.6294232094094302,1,2
270000.0,20032.905,72878.4825,59063.1066,444600.0,0.024838751371797835,2.9757180722891565,1.44178280538195,1,0.5950460115827025,1,2
495000.0,83331.27,34425.0,31151.850882352945,540000.0,0.010164225830610876,0.0,1.4388603207659976,1,0.6227010140168906,1,2
180000.0,22143.285,79061.06624999999,119061.2925,900000.0,0.018425042093354476,2.4834512850529453,1.4384327872155809,1,0.6827269888336094,1,2
225000.0,33440.698124999995,71042.59551724138,76703.41706896551,450000.0,0.027480255314960938,1.2688825240952901,1.4310929098950984,1,0.5940053345070522,1,2
225000.0,13271.13,193716.9,84375.0,337500.0,0.06896552878599557,0.5135684792210193,1.4296491796069737,1,0.6230101750649409,1,2
450000.0,4448.7225,33141.985714285714,38646.79714285715,45000.0,0.13352469194479966,0.6890578013702149,1.429044748256803,1,0.637373170295885,1,2
720000.0,33293.355,144940.06125,213812.94,900000.0,0.0333634183988762,0.8726181349869278,1.4269070180785293,1,0.7471877417608976,1,2
796500.0,100005.61499999999,8328.722210526315,5666.269736842105,135000.0,0.00867673617971265,0.2780036842105263,1.4255703717971207,1,0.617735068300765,1,2
405000.0,32763.43125,15300.0,0.0,765000.0,0.0016739693579909019,1.1002364987356912,1.4237546550004556,1,0.6211263571415638,1,2
225000.0,64660.51285714286,68206.89288461539,59903.333333333336,166666.66666666666,0.06433577794023865,0.0,1.422096571445107,1,0.6247373805629536,1,2
247500.0,58912.4925,106294.5,50000.0,900000.0,0.014535122434583835,0.515856880733945,1.4202894077887218,1,0.6751497984641537,1,2
652500.0,80048.77500000001,83032.704375,76939.3062,756000.0,0.017710862687747787,0.8367252621790714,1.4197820178231635,1,0.7018394810211074,1,2
315000.0,43291.162500000006,26722.73152173913,21890.097692307692,354807.6923076923,0.011467675063677735,2.1566918767507004,1.4188279139271767,1,0.6125628313371068,1,2
171000.0,6750.0,63396.08099999999,53331.75,45000.0,0.21710979146526718,0.22417692307692308,1.4169059437151055,1,0.6184659750774498,1,2
157500.0,15000.585,232573.5,340875.0,337500.0,0.14221262479790306,0.0,1.4150561692295573,1,0.720941320368859,1,2
585000.0,27318.765,111189.49411764706,97320.81125,421875.0,0.04136768734942424,0.8296730766545171,1.4143282491105669,1,0.6705387897613775,1,2
112500.0,10176.78,13500.0,216000.0,202500.0,0.09485826361948443,0.0,1.4139307505235243,1,0.6190955360249905,1,2
396000.0,49581.855,51747.46363636363,35787.0346875,135000.0,0.054270395541205066,0.8761001741367311,1.4135652802592773,1,0.6275233813228711,1,2
270000.0,6145.41,230031.85499999998,136345.303125,185625.0,0.1651997673182592,0.9730634829443447,1.4124675166930334,1,0.7258263239745343,1,2
252000.0,17550.72,5400.0,225000.0,337500.0,0.057138154086089445,0.09194824770757443,1.4096511233552877,1,0.6132182747686655,1,2
175500.0,7558.896176470588,130798.06714285714,74189.73,630000.0,0.02723359453803157,0.0,1.4096147399570174,1,0.5914930599838744,1,2
418500.0,51226.272,57140.96318181818,50476.706249999996,90000.0,0.10008260055958766,0.0,1.40947344172476,1,0.6625824234503217,1,2
144000.0,36332.445,137350.501875,62186.289,900000.0,0.01855658187314381,0.5346883275377429,1.4083807297182833,1,0.6482166341610233,1,2
81000.0,12139.965,452250.0,452250.0,0.0,0.0,0.1474015748031496,1.4078832388727096,1,0.6985536290010572,1,2
540000.0,51929.982,7418.532499999999,5577.527368421052,402631.5789473684,0.00270160205158621,0.0,1.4078560253984038,1,0.5980872259270227,1,2
112500.0,16156.1025,171390.465,182354.19499999998,900000.0,0.03289765118849499,0.8772246452032723,1.4067749640747544,1,0.6957706651434014,1,2
202500.0,39174.1875,288450.0,142668.0,450000.0,0.08018648018648018,0.23742654260528895,1.4050613317441516,1,0.6918273544866818,1,2
900000.0,35727.75,202799.58136363636,220643.25375,540000.0,0.06563243804083528,0.10709789075175771,1.402923298620028,1,0.7480004154963803,1,2
720000.0,16910.595,149084.67,141169.0005,540000.0,0.04498849541309146,0.34586546186702516,1.4014580494618345,1,0.7039256728753506,1,2
540000.0,39577.3875,28249.3875,131748.165,900000.0,0.014879500013252257,0.36219441253909634,1.3957615335236233,1,0.6832557164972364,1,2
337500.0,38146.3875,67110.0,50713.273125,90000.0,0.10957363826080165,0.0,1.3930503016760203,1,0.6170218549339098,1,2
328500.0,33477.10875,91583.6996511628,25377.906976744187,150697.67441860464,0.06496123656581466,0.8282474022988506,1.392093088353891,1,0.614113395038091,1,2
450000.0,9758.265,55127.036250000005,73536.60375,180000.0,0.059827497457659036,0.9266740969162995,1.391036925196098,1,0.612498196164575,1,2
202500.0,9573.855,119919.72139534882,118271.04852272727,450000.0,0.044302672244346725,1.3376375011512676,1.3901579628012475,1,0.6829089123317968,1,2
810000.0,41625.0,161331.3478125,170034.91875,781875.0,0.0354722287128678,0.0,1.3901167933429226,1,0.7381487315457198,1,2
540000.0,51842.52,59802.3738,53995.29107142857,233035.7142857143,0.040872233809649765,0.0,1.3890167647364025,1,0.6409031006643027,1,2
247500.0,20203.995,98023.5,97500.0,0.0,0.0,0.83369875,1.3858255855545616,1,0.629120775976891,1,2
382500.0,19539.2025,46350.0,128571.42857142857,900000.0,0.01626739508247587,1.0079041020107913,1.3838082837890202,1,0.6646325784136515,1,2
157500.0,27915.06375,405000.0,405000.0,0.0,0.0,0.0,1.382097523481241,1,0.6970203738587973,1,2
211500.0,17151.329999999998,74646.81,44927.700000000004,135000.0,0.07413483916176915,1.3050684411674414,1.3785233862957247,1,0.5999587513088762,1,2
189000.0,13264.41857142857,80511.94384615385,64597.419642857145,765000.0,0.01587638091752733,1.8047885553300416,1.376951736900733,1,0.6324394380466423,1,2
810000.0,14882.316923076924,96977.16321428573,96877.40586206896,491896.5517241379,0.032985249378444104,0.6244783886858415,1.376870975565041,1,0.6695600971391709,1,2
202500.0,10469.25,95625.0,180784.125,180000.0,0.12852789042196583,0.7632127929742821,1.3763580731940475,1,0.6849612313832456,1,2
186151.5,13213.17,58800.555,57958.177500000005,45000.0,0.21716726720317384,0.0,1.37461341620936,1,0.6016881737397273,1,2
1350000.0,26979.808695652173,22612.5,21635.4375,450000.0,0.008229965725477394,1.0575432066114772,1.3729219014471292,1,0.6024391998815692,1,2
225000.0,61038.719999999994,203279.88,188596.60499999998,900000.0,0.036443846000398954,0.03256168003631141,1.372402023899027,1,0.7333002574031987,1,2
495000.0,12401.1,128006.14235294117,86447.23392857143,233035.7142857143,0.0770243268748081,0.0,1.3705870352945404,1,0.644348055836015,1,2
202500.0,50088.6225,28363.736842105263,66572.51921052631,900000.0,0.00882891019969353,0.9869666666666667,1.3704562293662046,1,0.6568668810391529,1,2
540000.0,23516.22375,157521.18214285714,121994.87999999999,765000.0,0.03058178582309958,0.7652077850971489,1.3691691425093413,1,0.6939178637352736,1,2
135000.0,30256.5375,87350.76321428572,63500.826,900000.0,0.014028940997163616,2.093206451612903,1.3681444112185552,1,0.6704128159546114,1,2
369000.0,20296.271249999998,135000.0,135000.0,0.0,0.0,0.0,1.367486170339276,1,0.6573013944740768,1,2
360000.0,14668.785,92891.10807692308,114396.42857142857,594642.8571428572,0.029176587297288854,1.0190166666666667,1.3670462072736553,1,0.657172026700689,1,2
261000.0,27469.812857142857,28170.935999999998,179865.0,900000.0,0.01934698790138646,0.2826403024134923,1.3669904314504637,1,0.6242686811433027,1,2
202500.0,56327.3775,15818.805,5635.7775,900000.0,0.0019952396496382132,0.0,1.3669782780525783,1,0.606933079334539,1,2
180000.0,16386.46875,56528.0325,32362.938000000002,36000.0,0.20666772335982386,0.08292844099210869,1.3663708927827698,1,0.5957817671920634,1,2
202500.0,26563.86,40320.0,101339.69318181818,900000.0,0.013174110313819794,2.3168973333333334,1.3642193239540785,1,0.6592872768972374,1,2
540000.0,22986.485999999997,2000.0,750.0,900000.0,0.00025574531858194336,0.0,1.363901220144563,1,0.6085255845732804,1,2
679500.0,16875.0,67102.32428571429,61482.17454545455,184090.9090909091,0.05846201532138096,0.0,1.3629354533810265,1,0.6060016150647498,1,2
540000.0,21687.3,85568.0428125,75116.469375,326250.0,0.04122313405449665,0.0,1.3608177732598845,1,0.6126399931368285,1,2
270000.0,30643.180714285718,27927.707142857143,101045.6775,765000.0,0.014110947312974981,2.302870153846154,1.3599475974826685,1,0.6552571807983176,1,2
450000.0,52861.905,28950.0,82820.34642857143,585000.0,0.015991464534483454,0.40092959988691146,1.357455067034018,1,0.6269113438341973,1,2
495000.0,101139.99,57907.971,47812.50118421052,445263.15789473685,0.01987283562662683,0.0,1.3572793757279638,1,0.6342213301369849,1,2
900000.0,25383.809999999998,74753.365,90851.004,450000.0,0.030801848806157602,0.507952,1.3563457473847012,1,0.6399337659713773,1,2
540000.0,21978.772500000003,36838.989,28286.096250000002,60000.0,0.09084783095420439,0.6567107438016528,1.3554351894654693,1,0.6122954550568622,1,2
405000.0,82053.63,272934.86142857146,301498.82499999995,900000.0,0.053421354959954585,0.22879833333333333,1.355261701142848,1,0.7644453299066387,1,2
76500.0,40682.0835,48423.75,75774.0,900000.0,0.011550179323967473,0.8940418971260008,1.3544225950916797,1,0.6419681382032757,1,2
585000.0,63620.2575,44158.876875,114588.0,900000.0,0.014763189309194695,0.0,1.3539019065396052,1,0.7052770973891866,1,2
342000.0,21691.27928571429,133855.2225,120819.573,712800.0,0.02990444752522441,1.2123682797088389,1.3497534784448093,1,0.6942116797032255,1,2
395433.0,10629.0,72175.325625,42336.4021875,95625.0,0.10022960705292523,0.0,1.3484472084137442,1,0.5941249366852664,1,2
607500.0,59902.47,3539.0428125,1579.59375,35156.25,0.012186226859117341,0.9965163157894736,1.3474941547646642,1,0.6148318152532434,1,2
540000.0,22792.4175,73575.0675,68214.07241379311,225000.0,0.052744594558127654,0.3736558180489101,1.346223864926236,1,0.6016558142691145,1,2
540000.0,104969.0475,4389.05390625,1406.25,119062.5,0.0040739784396041905,0.1075168194219232,1.3453510107285283,1,0.6016614069572432,1,2
90000.0,34923.78,30986.402142857143,102487.426875,765000.0,0.014603339860758806,1.0335,1.3452320336634056,1,0.6356977313674248,1,2
90000.0,11599.605000000001,162072.33428571429,54195.55714285715,122142.85714285714,0.14819770547258024,0.0,1.3450808064821331,1,0.6319606251092061,1,2
292500.0,20057.34375,13261.700454545457,42665.41636363637,900000.0,0.005201126657467444,1.377641228106156,1.3442157087058164,1,0.6171125736254991,1,2
112500.0,39243.32289473684,70914.31874999999,102056.375,450000.0,0.03217196012976981,0.04529796516074557,1.3420956588293302,1,0.5953246056627761,1,2
495000.0,74018.085,30127.5,4565.416249999999,482500.0,0.006018122149413951,0.5388310438273946,1.341175850734035,1,0.6292330800954096,1,2
193684.5,4500.0,117530.44714285714,91261.13625,75656.25,0.23098601424604373,0.06330938123752496,1.3410511331782486,1,0.6797143183210874,1,2
90000.0,35182.845,28350.0,151875.0,900000.0,0.016760618196883906,0.010523695449248284,1.3394856708401204,1,0.6421776515301961,1,2
540000.0,50460.039000000004,77045.91125,58665.204878048775,177804.8780487805,0.06388358194390287,0.1060923097397625,1.337956176483289,1,0.6613430962435236,1,2
436500.0,23204.691,25271.720999999998,98529.02357142858,900000.0,0.011513258494946107,0.6344318209632025,1.3371411584158415,1,0.6338516364695589,1,2
225000.0,12300.678,167465.46375,82197.90299999999,900000.0,0.023218268097352474,0.016285035234543926,1.3357826151081713,1,0.6315607809838502,1,2
567000.0,31774.2075,129727.11807692307,114300.012,900000.0,0.022694107681512733,0.5419233147011873,1.335655922687304,1,0.6944444940235394,1,2
562500.0,29257.68857142857,35593.402500000004,33499.619999999995,67500.0,0.08567377964146365,0.1043079830979659,1.3352581310894458,1,0.6082233391681542,1,2
135000.0,15088.305,95359.35272727274,69050.625,720000.0,0.019112310059959805,1.3720676486633934,1.3350547487543285,1,0.6350144198821913,1,2
180000.0,48856.267499999994,17043.75,107870.4,540000.0,0.019361338840692518,0.03183582151390021,1.3347017425085441,1,0.5985119333463306,1,2
202500.0,39639.88125,212936.09999999998,115268.755,327500.0,0.08387860617005297,0.3246682998530132,1.3335976002734595,1,0.6841593660445208,1,2
180000.0,21644.8425,165155.625,62316.47368421053,765000.0,0.024887668169624247,0.0,1.3329565340111045,1,0.5966836055710577,1,2
675000.0,45000.0,170157.78794117647,186317.1260526316,900000.0,0.03315156016211538,0.0,1.3311235757541382,1,0.747661468829692,1,2
180000.0,53691.7725,42026.61214285715,108557.4375,765000.0,0.016475365026426384,0.7281487870289801,1.3310828050516263,1,0.6383413833294412,1,2
675000.0,36007.740000000005,43387.11,41332.880000000005,135000.0,0.05252543232196134,0.568980472078104,1.3286561646520645,1,0.6093377772071101,1,2
157500.0,38238.440625,93753.70874999999,58384.8825,180000.0,0.07074314997788965,0.0,1.3274216586699492,1,0.5917536081126412,1,2
243000.0,28860.899999999998,134258.40375,110174.21357142857,108000.0,0.18943181087480906,0.7356860679483803,1.3258251890382216,1,0.6998310366407379,1,2
855000.0,32214.808125,98050.515,93467.28342857142,450000.0,0.035621658453256294,0.31676391487114025,1.3255584379513004,1,0.6720617591478086,1,2
225000.0,64811.82214285714,39249.636000000006,51694.28571428572,630000.0,0.012082328432161723,0.692144667881794,1.324865606999157,1,0.5998638021102171,1,2
382500.0,34792.74642857143,51214.77642857143,141771.1692857143,765000.0,0.021114546382262084,0.0,1.3215962415181672,1,0.6255465525967753,1,2
216000.0,16305.687,100096.67045454546,141211.38749999998,765000.0,0.026401457179882463,1.238420833038843,1.3186299682320077,1,0.6669827043798405,1,2
94500.0,18680.7,14490.0,105000.0,765000.0,0.013073372456623062,0.9553142857142857,1.317791435766329,1,0.5926220717201486,1,2
720000.0,63155.065500000004,3189.7282978723406,1821.5597872340425,112500.0,0.0037283300882368837,0.48393270184017306,1.316901903111368,1,0.6184656738482809,1,2
720000.0,63081.945,70083.56368421053,55330.715249999994,900000.0,0.011663314443910682,0.7704378226907195,1.3145479863924356,1,0.707976503143318,1,2
67500.0,9316.20375,360000.0,360000.0,0.0,0.0,0.0,1.3143400172587363,1,0.6985926606888445,1,2
76500.0,11192.654999999999,115425.0,37470.735,112500.0,0.11375234460333201,0.0,1.313986262892226,1,0.6037188003176565,1,2
832500.0,56686.270909090905,12476.2359375,10173.75,58125.0,0.03261538272541921,0.5773017068695876,1.3107706785180686,1,0.6364489927160649,1,2
540000.0,21126.06,76281.94038461539,75139.26428571428,450000.0,0.028163828529800077,0.6832912032844058,1.310730356847796,1,0.6024669241846469,1,2
292500.0,38300.68928571429,175971.79184210525,149129.10710526316,812842.1052631579,0.033475686087706014,0.8334925,1.3107182839705072,1,0.713324632243438,1,2
135000.0,8547.7725,147980.115,89774.84999999999,270000.0,0.07370269002225913,0.5844046105847007,1.3093770113729422,1,0.6296524157034622,1,2
382500.0,27899.37,46725.246,162946.5225,900000.0,0.019499117539153444,0.7889820742347867,1.3092372256065965,1,0.6664843085579878,1,2
634500.0,14245.4025,37850.23636363636,75273.75,765000.0,0.012376868420033195,0.4956147788478675,1.308653189956095,1,0.6052967520826835,1,2
720000.0,32201.865,141938.364,166235.158125,900000.0,0.02865961294341007,0.6495981346540933,1.3084939929744888,1,0.7340200682432274,1,2
382500.0,37965.898125,113625.0,41318.181818181816,126818.18181818182,0.10226062811920227,0.0,1.308132034757056,1,0.6441074952310905,1,2
238500.0,66671.22,398543.38999999996,429750.0,900000.0,0.07702987523813375,0.09889733848131023,1.3081283654262035,1,0.7675010675258431,1,2
405000.0,33573.87,31520.046428571426,28939.80272727273,900000.0,0.005622663048646401,1.2606073824028698,1.3074382425562692,1,0.648848021232424,1,2
270000.0,62791.365,191412.8742857143,211244.3296875,787500.0,0.04279592515717162,0.0,1.3074342666918815,1,0.7305194499851901,1,2
292500.0,43493.775,63375.0,179016.96750000003,900000.0,0.02254204034545148,0.18396933726231515,1.3071637963637406,1,0.6830552257078077,1,2
540000.0,37124.85375,23064.498529411765,20000.0,765000.0,0.004711676533037879,0.9093714981729598,1.3069908319768557,1,0.6124669663251031,1,2
562500.0,19072.44,179288.7975,187699.91785714286,405000.0,0.07584294620201262,0.0,1.3058002183625432,1,0.7039260471557754,1,2
270000.0,28543.12875,113241.17571428571,196262.14500000002,900000.0,0.0287832819484525,0.8850209255187603,1.3049525249628942,1,0.6953061066183853,1,2
513000.0,31559.850000000002,78229.476,157721.8435714286,900000.0,0.021943071052227245,0.2933941886891681,1.304622740036864,1,0.6772137786113474,1,2
202500.0,29426.685,65949.335,48495.7575,765000.0,0.012521410327936886,1.3791134385275117,1.3043170271269933,1,0.5997253509761669,1,2
450000.0,58167.765,83836.635,52640.2818,225000.0,0.050768483732505275,0.02506177358835911,1.3027488709521364,1,0.6537352360135025,1,2
270000.0,50583.65142857143,31500.0,101250.0,405000.0,0.027434497811517557,0.0,1.3014308904793903,1,0.5985953038768356,1,2
751500.0,54104.706000000006,42053.66099999999,44269.055,450000.0,0.01605573127583899,0.7441068730253216,1.299039258997599,1,0.6465326214792353,1,2
112500.0,42645.897,28303.875,89700.0,765000.0,0.012910775874129976,0.35084092233009706,1.2977989012370286,1,0.5940341222589021,1,2
900000.0,37299.78,88845.825,80684.40272727273,801818.1818181818,0.017696555958930927,0.6441943625355945,1.2977145502604208,1,0.691538559170744,1,2
135000.0,45142.45875,45015.9834375,33643.4895,612000.0,0.010757642762507319,0.9745263181818181,1.2974443123890365,1,0.59663296917147,1,2
112500.0,42313.53,182492.13749999998,173503.7357142857,270000.0,0.11035670061702375,0.0,1.297341235146043,1,0.7019411854202258,1,2
270000.0,45346.269375,208155.06,192959.8875,270000.0,0.12434335761983875,0.7362432432432432,1.297278164759875,1,0.7431193360795166,1,2
360000.0,46657.987499999996,36000.0,134035.7142857143,900000.0,0.0158130319710212,0.32308085835861017,1.296702406582972,1,0.6722499020630143,1,2
427500.0,6826.96125,109727.3442857143,98801.45999999999,180000.0,0.09696411906465764,0.0,1.295048446013451,1,0.6683040848961873,1,2
90000.0,17963.577,20787.21225,22406.504999999997,765000.0,0.004725814322498238,2.021113454053881,1.2931468609780998,1,0.593785685706638,1,2
225000.0,10001.642727272729,115366.27500000001,113551.0875,0.0,0.0,0.7038306093376194,1.2907917923550356,1,0.6469092349912652,1,2
630000.0,34371.558000000005,140594.21099999998,166540.755,720000.0,0.03570378623969288,0.012456497193469309,1.2906346271240958,1,0.7043265968316219,1,2
360000.0,34422.72,52186.221562499995,45000.0,135000.0,0.06025435441279246,1.2228,1.2897382852439587,1,0.6126368172364606,1,2
540000.0,54670.391052631574,111746.5884,124309.98,854307.6923076923,0.02312699896138612,0.1704739894037156,1.28940302915531,1,0.7153281793957476,1,2
292500.0,22967.172,32312.295000000002,162807.51374999998,720000.0,0.02268226256837118,0.5112395105631696,1.2891090876466507,1,0.6028323460227987,1,2
251662.5,78147.0,109573.065,107755.70624999999,450000.0,0.040422411520257114,0.19822212345130286,1.2888891459679228,1,0.674716000639132,1,2
450000.0,28349.15625,48234.837857142855,118010.75,900000.0,0.015460556665224525,0.0,1.2883998714729634,1,0.6436935734959491,1,2
585000.0,19362.0375,441182.208,418285.40625,900000.0,0.07992902502444692,0.3988801198801199,1.2882524248971392,1,0.7587528472775366,1,2
292500.0,59329.53642857143,92734.06326923077,59198.57000000001,425000.0,0.029921243831948396,0.6607570596994218,1.2878182471304618,1,0.6340677820865507,1,2
270000.0,14772.210000000001,254708.18357142858,225398.445,270000.0,0.1488303305179427,1.0120623712856722,1.2863442122934532,1,0.7413851894147515,1,2
67500.0,29913.10875,135323.919,79232.14285714286,835714.2857142857,0.021488221468721393,0.0,1.2853346222274378,1,0.6306896584933729,1,2
360000.0,29313.153000000002,45900.0,145664.6207142857,900000.0,0.017815183619492414,0.2001245137852727,1.2845088778874505,1,0.6422400998946408,1,2
585000.0,43828.049999999996,141757.0,184392.729,765000.0,0.035683964213270365,-1.847398126418278e-05,1.2837684953320512,1,0.7242237523462448,1,2
270000.0,42501.74625,47930.238,91551.37049999999,585000.0,0.019956234071135323,1.0193252811328612,1.2834923847715296,1,0.6194011782730892,1,2
292500.0,53964.045000000006,167171.26499999998,165789.06818181818,450000.0,0.06192948835253387,0.0,1.2832019465049076,1,0.7042273199612479,1,2
540000.0,51219.261,65207.25107142857,57837.56142857143,270000.0,0.03814319366383998,0.022981659420554603,1.2821691715511805,1,0.6408471293284571,1,2
292500.0,2250.0,44796.57,46848.25875,45000.0,0.1704562612731374,0.7408832316948389,1.2815014497400739,1,0.6384560151134063,1,2
292500.0,65925.57681818181,81314.3442857143,70738.38642857142,205714.2857142857,0.06186532236464912,0.35932928015564203,1.281212796412181,1,0.6506774341293641,1,2
202500.0,44737.7625,37327.8555,28676.298214285714,900000.0,0.006138273934324203,0.9814414961802648,1.2811722021991123,1,0.626664475755546,1,2
360000.0,18097.038,72000.0,129618.075,540000.0,0.03125022958954736,0.23618070244357506,1.2810434407259437,1,0.5977829348371021,1,2
405000.0,7536.615000000001,32222.272500000003,31569.93375,37500.0,0.1423815980548476,0.0,1.28047721762339,1,0.6093941310138635,1,2
112500.0,21731.64136363636,178183.098,139875.0,900000.0,0.029578861672937072,0.5943787980376021,1.2801683975105846,1,0.68757747037048,1,2
675000.0,31305.7575,35357.142857142855,71862.60375000001,405000.0,0.022158342023692115,0.8103940809716599,1.2798959661031752,1,0.6052000298747423,1,2
441000.0,12991.68,58522.744999999995,52469.170000000006,225000.0,0.04128823659882906,1.0894347356412353,1.2783168686662156,1,0.5956715141508067,1,2
675000.0,86371.6725,1142.63859375,0.0,40781.25,0.0023451242828448297,0.0,1.2778148114656576,1,0.635148740880477,1,2
157500.0,25036.371000000003,124588.045,82636.36363636363,765000.0,0.022672373221245618,1.2482494749375135,1.2769064105716281,1,0.6612130476079753,1,2
360000.0,76609.5107142857,52813.24285714286,69547.12071428572,861428.5714285715,0.011888826656371337,0.42028947368421055,1.276897331714443,1,0.6608048036221856,1,2
58500.0,26029.382142857143,50142.857142857145,95400.0,900000.0,0.013535237951755007,0.0,1.27652447035418,1,0.5975346789231821,1,2
546250.5,33709.5,128741.805,175117.2975,675000.0,0.03767783901715679,0.0,1.27627091382702,1,0.6887450217175825,1,2
427500.0,13056.6825,204228.699375,171593.31461538462,477692.3076923077,0.06584934751383506,0.8922775214908448,1.2761351333176933,1,0.7089028870353774,1,2
112500.0,28420.2675,92053.86562499999,83466.297,135000.0,0.10882050886808514,0.0,1.2753312551284024,1,0.6192767494810564,1,2
693000.0,17470.996875,27562.5,61327.73000000001,576000.0,0.012916625108052396,0.8619620151877301,1.2748750991399678,1,0.6026134604117214,1,2
360000.0,67849.725,68573.86815789473,45618.83357142857,675000.0,0.01415963582230236,0.7071377020785219,1.2747244987771325,1,0.637910293952885,1,2
225000.0,45806.013,140187.715,150939.252,216000.0,0.11280963473213622,0.20117117332886258,1.2740375801491584,1,0.7140245155692764,1,2
360000.0,42196.755,101442.85714285714,44775.0,716850.0,0.017072205653081814,0.2615427224608355,1.2729106781328974,1,0.6292008191882525,1,2
481500.0,64175.04,9502.588244680852,6185.106382978724,180000.0,0.007294644473394616,0.9333047783858833,1.2724411185396314,1,0.602278596547858,1,2
585000.0,38422.040625,63000.27155172414,74816.30249999999,504000.0,0.022886976387487126,0.48526829566217594,1.272408251423685,1,0.6148042369912066,1,2
180000.0,21045.375,83025.0,188422.11750000002,810000.0,0.0280490220376516,0.11979276369288688,1.2720756847887933,1,0.6230469920742764,1,2
900000.0,22664.085000000003,73050.204375,64478.1645,243000.0,0.04737001550436618,0.1996734973966608,1.2716443537121909,1,0.6247984625556364,1,2
441000.0,26202.795,56515.111875,69252.315,100000.0,0.10526540941105572,0.0,1.271448022190944,1,0.6248119165622382,1,2
360000.0,75034.98,78011.865,87486.6618,482400.0,0.028714703840779024,0.0,1.2712917659334704,1,0.6460654315239727,1,2
157500.0,31480.605,89850.0,185464.2857142857,900000.0,0.025603759894603693,0.8080958615401944,1.2709753418248044,1,0.6761618400618455,1,2
225000.0,48421.259999999995,116173.7475,108607.34571428572,180000.0,0.10452129508233637,0.0,1.269777614226687,1,0.6908685331823134,1,2
180000.0,39694.229999999996,72615.249,184710.36000000002,900000.0,0.023930843582908215,0.4370538100163387,1.269759378533238,1,0.6661882616687149,1,2
112500.0,16690.59,19800.0,201367.5975,405000.0,0.045707133480921626,0.38040937848902123,1.269281300314288,1,0.5969393367867958,1,2
450000.0,29194.458749999998,124559.70999999999,122379.3585,166500.0,0.1241346648527977,0.0,1.2687861259305249,1,0.7016691991992298,1,2
180000.0,26577.339545454543,87758.80875,178794.783,585000.0,0.03813696964546295,0.47524936017913855,1.2683726567950229,1,0.6235212419128446,1,2
126000.0,16696.2375,0.0,201506.76,337500.0,0.049972761728596556,0.0,1.268208136358195,1,0.5988986812508588,1,2
315000.0,18200.438181818183,146492.2659375,76222.395,450000.0,0.041424168664967585,0.24651897663009012,1.267709876684408,1,0.6056178496434487,1,2
675000.0,17501.571,54998.496,53891.15318181819,135000.0,0.06751034671583063,0.5094641419579103,1.2666919615016787,1,0.6013940568873443,1,2
270000.0,27035.16,68722.07142857143,136507.21714285715,585000.0,0.029363037643661865,0.766132771093759,1.2660636651703059,1,0.6106837618675678,1,2
450000.0,10089.14625,115982.94,114389.41973684212,225000.0,0.08569694913945125,0.0,1.2654988600395574,1,0.6712698436999723,1,2
405000.0,48607.490000000005,12921.42857142857,14035.615,900000.0,0.002506959162255392,0.018529400363875306,1.26517865958616,1,0.6266264045307097,1,2
270000.0,37534.599,228297.41,134503.09147058823,532058.8235294118,0.05707234761157248,0.0,1.264473524680883,1,0.6830768033079281,1,2
180000.0,47203.965,83247.678,67403.31749999999,540000.0,0.023350476872020857,0.9816341463414634,1.2643765748532454,1,0.63616477608907,1,2
540000.0,51283.89,36078.9075,26876.475,765000.0,0.00688793341343769,0.005196627181380343,1.2643309978357549,1,0.6356994183655179,1,2
405000.0,14324.007857142857,82194.15375,81880.9146,134100.0,0.10240739628193991,0.7571604108538184,1.2638282870734519,1,0.6478049664949959,1,2
315000.0,21336.7725,142107.92470588235,76648.27367647059,450000.0,0.04068790810695975,0.0,1.2625638932131846,1,0.5934421378748773,1,2
405000.0,15921.964285714286,84185.0005263158,108935.59950000001,900000.0,0.01795988704671498,0.292647094230925,1.2615460147858677,1,0.6351283791118287,1,2
270000.0,19147.245,229820.66357142857,170180.75,645000.0,0.05190621003655949,0.8159857073412896,1.260510077961702,1,0.6948454307473336,1,2
